name,x,stufe,n_xi,n_theta,cfl_target,r_max,Re,status,St,periode_streuung,amplitude,rueckstroemlaenge,abloesewinkel,abloesewinkel_oben,abloesewinkel_unten,restschwankung,fenster_art,t_einsatz,n_perioden,instabil_bei_t,schritte,dt_mittel,t_aufbau_s,t_schleife_s,ms_pro_schritt,t_loese_ms,poisson_anteil,rechenzeit_pro_periode_s,unbekannte,poisson_loeser,nnz_LU,zeitmessung_vergleichbar
nxi081_nth160_cfl0.125_rmax20_Re100_t150,0.125,voll,81,160,0.125,20.0,100.0,periodisch,0.16441775518104457,0.0009576953526170147,0.5442133799411095,1.5166991903785307,116.67525819503275,116.67509573390075,116.67542065616476,0.6744444564914145,perioden,18.80188553263778,16,,124504,0.0012047805692989783,0.036775100001250394,380.21739479999815,3.053856862430108,0.6110568227905063,0.8003738882565146,15.416720835343327,12960,PoissonSolver,1167620,True
nxi081_nth160_cfl0.25_rmax20_Re100_t150,0.25,mittel,81,160,0.25,20.0,100.0,periodisch,0.16441775515844131,0.0009576936193041817,0.544213244727842,1.5166991521505642,116.6752581994024,116.67509560313209,116.67542079567272,0.6744444556392456,perioden,18.801885532638977,16,,62252,0.0024095611385979566,0.03558690000500064,188.5727707999904,3.029184135449309,0.6112411405199801,0.8071363287122415,7.646083016531967,12960,PoissonSolver,1167620,True
nxi081_nth160_cfl0.5_rmax20_Re100_t150,0.5,schnell,81,160,0.5,20.0,100.0,periodisch,0.16441775511437198,0.0009576896526112577,0.5442126744183791,1.516699119461025,116.67525821216952,116.67509549609525,116.6754209282438,0.6744442572213294,perioden,18.804295104028355,16,,31126,0.004819122277195913,0.03737900000123773,103.68943159999617,3.3312803315554897,0.7140453681714762,0.8573825041473634,4.20430796450452,12960,PoissonSolver,1167620,True
nxi081_nth160_cfl1_rmax20_Re100_t150,1.0,schnell,81,160,1.0,20.0,100.0,periodisch,0.16441775233540937,0.0009576905526803496,0.5442104494721322,1.516699287197215,116.67525836379083,116.67509626066865,116.67542046691301,0.674444037572664,perioden,18.804295104028277,16,,15563,0.009638244554391827,0.03608839999651536,47.313812399996095,3.0401472980785256,0.6090501014239572,0.8013428846804853,1.918438924748902,12960,PoissonSolver,1167620,True
nxi081_nth160_cfl1.5_rmax20_Re100_t150,1.5,mittel,81,160,1.5,20.0,100.0,periodisch,0.1644177551033297,0.000957752608096951,0.5442070960476771,1.5166988730862543,116.67525924977582,116.67509566824101,116.67542283131064,0.6744429050134115,perioden,18.809114246802274,16,,10376,0.014456437933693137,0.039513600000645965,31.638283399996,3.0491792020042405,0.6096054766854672,0.7996978023263054,1.2828413160169416,12960,PoissonSolver,1167620,True
nxi081_nth160_cfl2_rmax20_Re100_t150,2.0,schnell,81,160,2.0,20.0,100.0,periodisch,0.16373343524298883,0.0009003829195255561,0.5734824729018697,,99.35858586105468,98.43440289326645,100.2827688288429,0.797215314582332,perioden,19.047979889548582,16,,7843,0.019125334693357133,0.037091100006364286,24.020458800005144,3.062662093587294,0.6133963265432502,0.8011283096853554,0.9780311013592531,12960,PoissonSolver,1167620,True
nxi081_nth160_cfl2.5_rmax20_Re100_t150,2.5,mittel,81,160,2.5,20.0,100.0,periodisch,0.16358682865854204,0.0007472371309237683,0.5834395173462601,,97.24736632120164,98.11143958929172,96.38329305311157,1.0233151104295763,perioden,19.204315653732753,16,,7899,0.0189897455374098,0.03709900000831112,24.216204500000458,3.0657304089125788,0.6029985943679645,0.7867601046914617,0.9868848528772208,12960,PoissonSolver,1167620,True
nxi081_nth160_cfl3_rmax20_Re100_t150,3.0,mittel,81,160,3.0,20.0,100.0,periodisch,0.16084789795345994,0.0018188621095696063,0.6646672569297438,,85.8491889718109,85.08217909990609,86.61619884371572,1.136788208785826,perioden,16.783479626240034,16,,9079,0.01652164335279216,0.037266799990902655,28.838693500001682,3.176417391783421,0.6221999999896891,0.7835242328028568,1.195278018008704,12960,PoissonSolver,1167620,True
nxi081_nth160_cfl4_rmax20_Re100_t150,4.0,voll,81,160,4.0,20.0,100.0,nicht_periodisch,0.15784618994636693,0.0,0.6032607829423566,,59.20683088886739,58.33365580402986,60.080005973704914,1.0083601162989377,ende,13.752993720092482,1,,10732,0.013976891539321655,0.03839489999518264,34.24078120000195,3.190531233693808,0.6248629937556393,0.7833968050921851,1.4461665165579352,12960,PoissonSolver,1167620,True
